run_id,created_at,event,head_sha,attempt,run_conclusion,lint_started_at,lint_completed_at,lint_seconds,e2e_conclusion,e2e_started_at,e2e_completed_at,e2e_seconds,install_started_at,install_completed_at,install_seconds,cache,cache_evidence,failed_step,run_url
32330162595,2026-08-20T03:58:41Z,push,89a42a36bed214485e9a7e5d81321a7e0ccdc724,1,success,2026-08-20T03:58:44Z,2026-08-20T03:59:25Z,41,skipped,,,,,,,not-run,,,https://github.com/jaekwanAHN/chuksung/actions/runs/32330162595
32333491841,2026-08-20T04:52:54Z,pull_request,8ba98434eeeddd24ef2ed1857c3310b877957089,1,success,2026-08-20T04:52:56Z,2026-08-20T04:53:40Z,44,success,2026-08-20T04:52:56Z,2026-08-20T04:56:32Z,216,2026-08-20T04:53:12Z,2026-08-20T04:53:36Z,24,miss,2026-08-20T04:53:12.9866046Z Cache not found for input keys: playwright-Linux-1.61.1,,https://github.com/jaekwanAHN/chuksung/actions/runs/32333491841
32333799222,2026-08-20T04:57:56Z,push,0d4ab8dd4087af1595b827bd16e651e053ae287a,1,success,2026-08-20T04:57:58Z,2026-08-20T04:58:34Z,36,skipped,,,,,,,not-run,,,https://github.com/jaekwanAHN/chuksung/actions/runs/32333799222
32335494172,2026-08-20T05:24:47Z,pull_request,01f56b36c519dc9982583214556e5a5c33f1e8f1,1,success,2026-08-20T05:24:50Z,2026-08-20T05:25:33Z,43,success,2026-08-20T05:24:50Z,2026-08-20T05:28:39Z,229,2026-08-20T05:25:10Z,2026-08-20T05:25:34Z,24,miss,2026-08-20T05:25:10.0544946Z Cache not found for input keys: playwright-Linux-1.61.1,,https://github.com/jaekwanAHN/chuksung/actions/runs/32335494172
32335794847,2026-08-20T05:29:34Z,push,e21744b81d7f47ab4c41b1fce861c011d6ab5a7d,1,success,2026-08-20T05:29:36Z,2026-08-20T05:30:14Z,38,skipped,,,,,,,not-run,,,https://github.com/jaekwanAHN/chuksung/actions/runs/32335794847
32339605430,2026-08-20T06:26:29Z,pull_request,7eac4e988c7bf063ee2c912aef9f67513e812248,1,success,2026-08-20T06:26:32Z,2026-08-20T06:27:19Z,47,success,2026-08-20T06:26:32Z,2026-08-20T06:30:32Z,240,2026-08-20T06:26:49Z,2026-08-20T06:27:22Z,33,miss,2026-08-20T06:26:49.9509806Z Cache not found for input keys: playwright-Linux-1.61.1,,https://github.com/jaekwanAHN/chuksung/actions/runs/32339605430
32339884970,2026-08-20T06:30:30Z,pull_request,feee97b2c5817a9fef16c6564fc070b805b20fe2,1,success,2026-08-20T06:30:33Z,2026-08-20T06:31:11Z,38,success,2026-08-20T06:30:33Z,2026-08-20T06:34:30Z,237,2026-08-20T06:30:51Z,2026-08-20T06:31:07Z,16,hit,2026-08-20T06:30:48.8440895Z Cache hit for: playwright-Linux-1.61.1,,https://github.com/jaekwanAHN/chuksung/actions/runs/32339884970
32340070795,2026-08-20T06:33:09Z,pull_request,cbcb64830008f5099309c517e5c48ed8ce5ac5af,1,success,2026-08-20T06:33:12Z,2026-08-20T06:33:54Z,42,success,2026-08-20T06:34:32Z,2026-08-20T06:38:17Z,225,2026-08-20T06:34:50Z,2026-08-20T06:35:01Z,11,hit,2026-08-20T06:34:47.9968994Z Cache hit for: playwright-Linux-1.61.1,,https://github.com/jaekwanAHN/chuksung/actions/runs/32340070795
32340566913,2026-08-20T06:40:18Z,push,11d7feab0fb2be409da06c391b17cead2168490d,1,success,2026-08-20T06:40:21Z,2026-08-20T06:41:04Z,43,skipped,,,,,,,not-run,,,https://github.com/jaekwanAHN/chuksung/actions/runs/32340566913
32340676298,2026-08-20T06:41:52Z,pull_request,b8572dbbabe0d6778b467d62e4af159e451e52ef,1,success,2026-08-20T06:41:55Z,2026-08-20T06:42:33Z,38,success,2026-08-20T06:41:56Z,2026-08-20T06:45:57Z,241,2026-08-20T06:42:16Z,2026-08-20T06:42:41Z,25,miss,2026-08-20T06:42:16.7174798Z Cache not found for input keys: playwright-Linux-1.61.1,,https://github.com/jaekwanAHN/chuksung/actions/runs/32340676298
32345833186,2026-08-20T07:49:55Z,push,8cdc4d8107fc5fb0def63c4e65572f4297b0e692,1,success,2026-08-20T07:49:58Z,2026-08-20T07:50:33Z,35,skipped,,,,,,,not-run,,,https://github.com/jaekwanAHN/chuksung/actions/runs/32345833186
32347152755,2026-08-20T08:06:11Z,pull_request,000a71faf377b21d164319a0395dfaa3a73775f2,1,success,2026-08-20T08:06:14Z,2026-08-20T08:06:58Z,44,success,2026-08-20T08:06:14Z,2026-08-20T08:10:17Z,243,2026-08-20T08:06:35Z,2026-08-20T08:07:00Z,25,miss,2026-08-20T08:06:35.4507993Z Cache not found for input keys: playwright-Linux-1.61.1,,https://github.com/jaekwanAHN/chuksung/actions/runs/32347152755
32347569305,2026-08-20T08:11:20Z,push,6470411a391dbc7222f44d6682c8d151d667f295,1,success,2026-08-20T08:11:22Z,2026-08-20T08:12:02Z,40,skipped,,,,,,,not-run,,,https://github.com/jaekwanAHN/chuksung/actions/runs/32347569305
32348348740,2026-08-20T08:20:46Z,pull_request,23c44f5860ee7d4121001cd451895546a3ffd823,1,success,2026-08-20T08:20:49Z,2026-08-20T08:21:32Z,43,success,2026-08-20T08:20:49Z,2026-08-20T08:24:50Z,241,2026-08-20T08:21:10Z,2026-08-20T08:21:44Z,34,miss,2026-08-20T08:21:10.0220800Z Cache not found for input keys: playwright-Linux-1.61.1,,https://github.com/jaekwanAHN/chuksung/actions/runs/32348348740
32348718511,2026-08-20T08:25:14Z,push,36de163fc8749f00d851d866956847417cea04e7,1,success,2026-08-20T08:25:16Z,2026-08-20T08:25:54Z,38,skipped,,,,,,,not-run,,,https://github.com/jaekwanAHN/chuksung/actions/runs/32348718511
32351006948,2026-08-20T08:52:49Z,pull_request,fc5fc7e54fc1bdd674495db6b3e1152a1dd3362d,1,success,2026-08-20T08:52:52Z,2026-08-20T08:53:30Z,38,success,2026-08-20T08:52:52Z,2026-08-20T08:56:47Z,235,2026-08-20T08:53:15Z,2026-08-20T08:53:37Z,22,miss,2026-08-20T08:53:15.2838821Z Cache not found for input keys: playwright-Linux-1.61.1,,https://github.com/jaekwanAHN/chuksung/actions/runs/32351006948
32351432755,2026-08-20T08:57:48Z,push,10df37b73b2cf68bfc522bffc2659de4e576ca77,1,success,2026-08-20T08:57:50Z,2026-08-20T08:58:31Z,41,skipped,,,,,,,not-run,,,https://github.com/jaekwanAHN/chuksung/actions/runs/32351432755
32353672468,2026-08-20T09:23:55Z,pull_request,9c1804200298ee1f9705b93aa53717a18932b6de,1,success,2026-08-20T09:23:57Z,2026-08-20T09:24:37Z,40,success,2026-08-20T09:23:57Z,2026-08-20T09:27:49Z,232,2026-08-20T09:24:14Z,2026-08-20T09:24:46Z,32,miss,2026-08-20T09:24:14.0871659Z Cache not found for input keys: playwright-Linux-1.61.1,,https://github.com/jaekwanAHN/chuksung/actions/runs/32353672468
32789658866,2026-08-24T23:30:37Z,push,3da7058fb596ca3ee874d76647dbcc0aaae5142b,1,success,2026-08-24T23:35:39Z,2026-08-24T23:36:12Z,33,skipped,,,,,,,not-run,,,https://github.com/jaekwanAHN/chuksung/actions/runs/32789658866
32793006193,2026-08-25T00:17:20Z,pull_request,3086933d64477797efc5dae1b04319dc5a4c3af6,1,success,2026-08-25T00:17:22Z,2026-08-25T00:18:02Z,40,success,2026-08-25T00:17:23Z,2026-08-25T00:21:44Z,261,2026-08-25T00:17:40Z,2026-08-25T00:18:02Z,22,miss,2026-08-25T00:17:40.7873186Z Cache not found for input keys: playwright-Linux-1.61.1,,https://github.com/jaekwanAHN/chuksung/actions/runs/32793006193
32810695774,2026-08-25T04:53:47Z,pull_request,3015e60df464811346014d410147f2d054f07da6,1,success,2026-08-25T04:53:49Z,2026-08-25T04:54:34Z,45,success,2026-08-25T04:53:49Z,2026-08-25T04:57:54Z,245,2026-08-25T04:54:10Z,2026-08-25T04:54:36Z,26,miss,2026-08-25T04:54:10.3023625Z Cache not found for input keys: playwright-Linux-1.61.1,,https://github.com/jaekwanAHN/chuksung/actions/runs/32810695774
32811066074,2026-08-25T04:59:34Z,push,db6323d9e0843595c6e46d1e613f82bcd0484be4,1,success,2026-08-25T04:59:36Z,2026-08-25T05:00:18Z,42,skipped,,,,,,,not-run,,,https://github.com/jaekwanAHN/chuksung/actions/runs/32811066074
32812662915,2026-08-25T05:23:40Z,pull_request,f56c69054fc162e0414c4a5bbe9b1dc093c47d2a,1,success,2026-08-25T05:23:42Z,2026-08-25T05:24:23Z,41,success,2026-08-25T05:23:43Z,2026-08-25T05:27:07Z,204,2026-08-25T05:23:59Z,2026-08-25T05:24:25Z,26,miss,2026-08-25T05:23:59.2940037Z Cache not found for input keys: playwright-Linux-1.61.1,,https://github.com/jaekwanAHN/chuksung/actions/runs/32812662915
32812948572,2026-08-25T05:28:04Z,push,084587864a7bee1eafb61c6c0c4d5ce481cd08ef,1,success,2026-08-25T05:28:07Z,2026-08-25T05:28:49Z,42,skipped,,,,,,,not-run,,,https://github.com/jaekwanAHN/chuksung/actions/runs/32812948572
32814710006,2026-08-25T05:54:38Z,pull_request,3c32bf1c90f83b42b8e557a56c58ee92926b6079,1,success,2026-08-25T05:54:40Z,2026-08-25T05:55:31Z,51,success,2026-08-25T05:54:40Z,2026-08-25T05:58:45Z,245,2026-08-25T05:54:56Z,2026-08-25T05:55:18Z,22,miss,2026-08-25T05:54:56.6996150Z Cache not found for input keys: playwright-Linux-1.61.1,,https://github.com/jaekwanAHN/chuksung/actions/runs/32814710006
32816951712,2026-08-25T06:26:09Z,push,7fba09accab8faf93d222c69649ba2a4f5d21e83,1,success,2026-08-25T06:26:11Z,2026-08-25T06:26:55Z,44,skipped,,,,,,,not-run,,,https://github.com/jaekwanAHN/chuksung/actions/runs/32816951712
32826631092,2026-08-25T08:26:37Z,pull_request,c78b229789e9680c0e14676b9b55311b815337fc,1,success,2026-08-25T08:26:40Z,2026-08-25T08:27:21Z,41,success,2026-08-25T08:26:40Z,2026-08-25T08:30:45Z,245,2026-08-25T08:26:59Z,2026-08-25T08:27:24Z,25,miss,2026-08-25T08:26:59.2568941Z Cache not found for input keys: playwright-Linux-1.61.1,,https://github.com/jaekwanAHN/chuksung/actions/runs/32826631092
32848321875,2026-08-25T12:34:20Z,push,17fc66af9b77533d7388e8eb1e62c1da4a31d11f,1,success,2026-08-25T12:34:22Z,2026-08-25T12:35:22Z,60,skipped,,,,,,,not-run,,,https://github.com/jaekwanAHN/chuksung/actions/runs/32848321875
32922297165,2026-08-26T02:19:33Z,pull_request,675091d098023f12ebfd5db6afeabd7efc3d503f,1,success,2026-08-26T02:19:35Z,2026-08-26T02:20:17Z,42,success,2026-08-26T02:19:35Z,2026-08-26T02:23:43Z,248,2026-08-26T02:19:50Z,2026-08-26T02:20:15Z,25,miss,2026-08-26T02:19:50.4594512Z Cache not found for input keys: playwright-Linux-1.61.1,,https://github.com/jaekwanAHN/chuksung/actions/runs/32922297165
32922698094,2026-08-26T02:26:00Z,push,cc973d3ab8ce9322459982f7219e6287656e2ec0,1,success,2026-08-26T02:26:02Z,2026-08-26T02:26:44Z,42,skipped,,,,,,,not-run,,,https://github.com/jaekwanAHN/chuksung/actions/runs/32922698094
32923413858,2026-08-26T02:37:22Z,pull_request,2bfeb860aabaf0cd723887ba0e51634f02703707,1,success,2026-08-26T02:37:24Z,2026-08-26T02:38:03Z,39,success,2026-08-26T02:37:24Z,2026-08-26T02:41:33Z,249,2026-08-26T02:37:39Z,2026-08-26T02:38:02Z,23,miss,2026-08-26T02:37:39.9848127Z Cache not found for input keys: playwright-Linux-1.61.1,,https://github.com/jaekwanAHN/chuksung/actions/runs/32923413858
32923623051,2026-08-26T02:40:43Z,pull_request,4da7a22eefe7706a9233ffe9ab6e1a5ceb7313a6,1,success,2026-08-26T02:40:46Z,2026-08-26T02:41:19Z,33,success,2026-08-26T02:41:36Z,2026-08-26T02:45:55Z,259,2026-08-26T02:41:53Z,2026-08-26T02:42:29Z,36,miss,2026-08-26T02:41:53.3589240Z Cache not found for input keys: playwright-Linux-1.61.1,,https://github.com/jaekwanAHN/chuksung/actions/runs/32923623051
32923745117,2026-08-26T02:42:44Z,pull_request,9f342258704997f943870fd0ecfb10a392691417,1,success,2026-08-26T02:42:46Z,2026-08-26T02:43:30Z,44,success,2026-08-26T02:45:57Z,2026-08-26T02:49:40Z,223,2026-08-26T02:46:23Z,2026-08-26T02:46:36Z,13,hit,2026-08-26T02:46:18.0777588Z Cache hit for: playwright-Linux-1.61.1,,https://github.com/jaekwanAHN/chuksung/actions/runs/32923745117
32923975245,2026-08-26T02:46:30Z,push,d70bc267cd53fc7f0058224bce07900812fb661e,1,success,2026-08-26T02:46:33Z,2026-08-26T02:47:18Z,45,skipped,,,,,,,not-run,,,https://github.com/jaekwanAHN/chuksung/actions/runs/32923975245
32924177984,2026-08-26T02:49:56Z,push,3032e1d7f1c048ca2fa425715e047fa722618b79,1,success,2026-08-26T02:49:58Z,2026-08-26T02:50:37Z,39,skipped,,,,,,,not-run,,,https://github.com/jaekwanAHN/chuksung/actions/runs/32924177984
33037725120,2026-08-27T03:53:43Z,pull_request,2a203227954c5028f56cadf6e6415c62798fa8dc,1,success,2026-08-27T03:53:45Z,2026-08-27T03:54:24Z,39,success,2026-08-27T03:53:47Z,2026-08-27T03:57:42Z,235,2026-08-27T03:54:07Z,2026-08-27T03:54:31Z,24,miss,2026-08-27T03:54:07.9141868Z Cache not found for input keys: playwright-Linux-1.61.1,,https://github.com/jaekwanAHN/chuksung/actions/runs/33037725120
33038364022,2026-08-27T04:06:02Z,push,7245d23b5bf8e8bbba2d2ffb4e347ae156f388b6,1,success,2026-08-27T04:06:05Z,2026-08-27T04:06:46Z,41,skipped,,,,,,,not-run,,,https://github.com/jaekwanAHN/chuksung/actions/runs/33038364022
33040586577,2026-08-27T04:49:41Z,pull_request,27137152e38dc71f7aaeb3e713c8d894cdcaa4f3,1,success,2026-08-27T04:49:43Z,2026-08-27T04:50:27Z,44,success,2026-08-27T04:49:44Z,2026-08-27T04:53:27Z,223,2026-08-27T04:50:02Z,2026-08-27T04:50:23Z,21,miss,2026-08-27T04:50:02.5705342Z Cache not found for input keys: playwright-Linux-1.61.1,,https://github.com/jaekwanAHN/chuksung/actions/runs/33040586577
33042965954,2026-08-27T05:35:11Z,push,e96ab2691a3a389c50a3389e6b01f2fcc24a365a,1,success,2026-08-27T05:35:13Z,2026-08-27T05:35:55Z,42,skipped,,,,,,,not-run,,,https://github.com/jaekwanAHN/chuksung/actions/runs/33042965954
33651660285,2026-09-02T15:55:18Z,pull_request,4b7cc10fc3e742b6d27a51a786c318c798b5323e,1,success,2026-09-02T15:55:21Z,2026-09-02T15:56:05Z,44,success,2026-09-02T15:55:21Z,2026-09-02T15:59:21Z,240,2026-09-02T15:55:42Z,2026-09-02T15:56:11Z,29,miss,2026-09-02T15:55:42.6382674Z Cache not found for input keys: playwright-Linux-1.61.1,,https://github.com/jaekwanAHN/chuksung/actions/runs/33651660285
33706156210,2026-09-03T02:03:46Z,push,9dc238ebde640a046b3bc52c15f3d9985156c095,1,success,2026-09-03T02:03:49Z,2026-09-03T02:04:33Z,44,skipped,,,,,,,not-run,,,https://github.com/jaekwanAHN/chuksung/actions/runs/33706156210
33787201221,2026-09-03T17:53:11Z,pull_request,41b42c1c1243d5f915a121b7b757fdcbce77dfd1,1,success,2026-09-03T17:53:14Z,2026-09-03T17:53:57Z,43,success,2026-09-03T17:53:14Z,2026-09-03T17:57:07Z,233,2026-09-03T17:53:34Z,2026-09-03T17:53:55Z,21,miss,2026-09-03T17:53:34.2463747Z Cache not found for input keys: playwright-Linux-1.61.1,,https://github.com/jaekwanAHN/chuksung/actions/runs/33787201221
34562029904,2026-09-11T04:23:39Z,pull_request,b587f1f3dcfc23be5e2c2089eb0264da6dba97a2,1,success,2026-09-11T04:23:42Z,2026-09-11T04:24:19Z,37,success,2026-09-11T04:23:42Z,2026-09-11T04:28:12Z,270,2026-09-11T04:24:09Z,2026-09-11T04:24:44Z,35,miss,2026-09-11T04:24:09.8965362Z Cache not found for input keys: playwright-Linux-1.61.1,,https://github.com/jaekwanAHN/chuksung/actions/runs/34562029904
34564628329,2026-09-11T05:05:37Z,push,49e39c5aeada35521aaf25ea0d57818aec780210,1,success,2026-09-11T05:05:39Z,2026-09-11T05:06:28Z,49,skipped,,,,,,,not-run,,,https://github.com/jaekwanAHN/chuksung/actions/runs/34564628329
34565479262,2026-09-11T05:18:52Z,pull_request,4160fcd7bbd99be6de45645cbba0167d45546ff2,1,success,2026-09-11T05:18:54Z,2026-09-11T05:19:36Z,42,success,2026-09-11T05:18:54Z,2026-09-11T05:23:11Z,257,2026-09-11T05:19:16Z,2026-09-11T05:19:38Z,22,miss,2026-09-11T05:19:16.5661532Z Cache not found for input keys: playwright-Linux-1.61.1,,https://github.com/jaekwanAHN/chuksung/actions/runs/34565479262
34566029746,2026-09-11T05:27:27Z,push,2199b4ac701b1f3b7142d841ac4ca343c0db0e23,1,success,2026-09-11T05:27:29Z,2026-09-11T05:28:09Z,40,skipped,,,,,,,not-run,,,https://github.com/jaekwanAHN/chuksung/actions/runs/34566029746
34576227281,2026-09-11T07:49:51Z,pull_request,5dd96cc9e23b8a1f96a6f0f007e6341835a441f7,1,success,2026-09-11T07:49:54Z,2026-09-11T07:50:39Z,45,success,2026-09-11T07:49:54Z,2026-09-11T07:54:06Z,252,2026-09-11T07:50:10Z,2026-09-11T07:50:32Z,22,miss,2026-09-11T07:50:10.8798725Z Cache not found for input keys: playwright-Linux-1.61.1,,https://github.com/jaekwanAHN/chuksung/actions/runs/34576227281
34968815292,2026-09-15T12:26:01Z,push,ffddf2b9d852e2e2970af257f8f4ccf2619b30e8,1,success,2026-09-15T12:26:04Z,2026-09-15T12:26:49Z,45,skipped,,,,,,,not-run,,,https://github.com/jaekwanAHN/chuksung/actions/runs/34968815292
34977603199,2026-09-15T13:50:18Z,pull_request,e124ec4409dae2025ccf3457fcd6cb2781986f64,1,success,2026-09-15T13:50:21Z,2026-09-15T13:50:59Z,38,success,2026-09-15T13:50:21Z,2026-09-15T13:54:29Z,248,2026-09-15T13:50:43Z,2026-09-15T13:51:07Z,24,miss,2026-09-15T13:50:43.9212159Z Cache not found for input keys: playwright-Linux-1.61.1,,https://github.com/jaekwanAHN/chuksung/actions/runs/34977603199
34979338709,2026-09-15T14:05:54Z,push,9ff2291d694ab727f04e1954fb49ff6ee73532d5,1,success,2026-09-15T14:05:57Z,2026-09-15T14:06:37Z,40,skipped,,,,,,,not-run,,,https://github.com/jaekwanAHN/chuksung/actions/runs/34979338709
34984690949,2026-09-15T14:53:24Z,pull_request,a04478594f724908298c15ff92d83bcc49354243,1,success,2026-09-15T14:53:29Z,2026-09-15T14:54:15Z,46,success,2026-09-15T14:53:28Z,2026-09-15T14:56:49Z,201,2026-09-15T14:53:50Z,2026-09-15T14:54:13Z,23,miss,2026-09-15T14:53:50.2535426Z Cache not found for input keys: playwright-Linux-1.61.1,,https://github.com/jaekwanAHN/chuksung/actions/runs/34984690949
34985102051,2026-09-15T14:57:02Z,pull_request,75e505b640f0cd0bf4417f2890df4f5f85f6754a,1,failure,2026-09-15T14:57:05Z,2026-09-15T14:57:49Z,44,failure,2026-09-15T14:57:41Z,2026-09-15T15:04:15Z,394,2026-09-15T14:58:00Z,2026-09-15T14:58:18Z,18,hit,2026-09-15T14:57:57.7299788Z Cache hit for: playwright-Linux-1.61.1,Run E2E tests,https://github.com/jaekwanAHN/chuksung/actions/runs/34985102051
34985480695,2026-09-15T15:00:25Z,pull_request,7ffb21be4289a921ba3cf41f3abacc8612ed1c68,1,success,2026-09-15T15:00:28Z,2026-09-15T15:01:09Z,41,success,2026-09-15T15:04:17Z,2026-09-15T15:08:09Z,232,2026-09-15T15:04:38Z,2026-09-15T15:04:56Z,18,hit,2026-09-15T15:04:34.5411501Z Cache hit for: playwright-Linux-1.61.1,,https://github.com/jaekwanAHN/chuksung/actions/runs/34985480695
34986472824,2026-09-15T15:09:00Z,push,c105e2df952d6889bae40b6fe08275a4bdcccc10,1,success,2026-09-15T15:09:03Z,2026-09-15T15:09:45Z,42,skipped,,,,,,,not-run,,,https://github.com/jaekwanAHN/chuksung/actions/runs/34986472824
35050483542,2026-09-16T03:05:38Z,pull_request,7d2f0ff0fefe78e4a51f3c89d87ddd43ca3ac48b,1,success,2026-09-16T03:05:41Z,2026-09-16T03:06:30Z,49,success,2026-09-16T03:05:41Z,2026-09-16T03:09:42Z,241,2026-09-16T03:06:02Z,2026-09-16T03:06:38Z,36,miss,2026-09-16T03:06:02.4897079Z Cache not found for input keys: playwright-Linux-1.61.1,,https://github.com/jaekwanAHN/chuksung/actions/runs/35050483542
35050772639,2026-09-16T03:10:12Z,push,58a9a4b1e264410119273f4a80b50b30e457a00f,1,success,2026-09-16T03:10:14Z,2026-09-16T03:10:54Z,40,skipped,,,,,,,not-run,,,https://github.com/jaekwanAHN/chuksung/actions/runs/35050772639
35051665714,2026-09-16T03:24:18Z,pull_request,1de2c3e304058b3c2a2f930a443f6e285a34ded8,1,success,2026-09-16T03:24:20Z,2026-09-16T03:25:04Z,44,success,2026-09-16T03:24:21Z,2026-09-16T03:29:31Z,310,2026-09-16T03:24:38Z,2026-09-16T03:25:22Z,44,miss,2026-09-16T03:24:38.2578263Z Cache not found for input keys: playwright-Linux-1.61.1,,https://github.com/jaekwanAHN/chuksung/actions/runs/35051665714
35052407200,2026-09-16T03:35:59Z,push,0b3ff896d8d354552725fe69bbefd460e1d343a2,1,success,2026-09-16T03:36:02Z,2026-09-16T03:36:40Z,38,skipped,,,,,,,not-run,,,https://github.com/jaekwanAHN/chuksung/actions/runs/35052407200
35098721744,2026-09-16T12:55:52Z,pull_request,d1fec2314124fff0958e53d1a420921bb80d5edc,1,failure,2026-09-16T12:55:55Z,2026-09-16T12:56:34Z,39,failure,2026-09-16T12:55:55Z,2026-09-16T13:02:56Z,421,2026-09-16T12:56:13Z,2026-09-16T12:56:33Z,20,miss,2026-09-16T12:56:13.6103385Z Cache not found for input keys: playwright-Linux-1.61.1,Run E2E tests,https://github.com/jaekwanAHN/chuksung/actions/runs/35098721744
35101559748,2026-09-16T13:23:04Z,pull_request,f76f97bb898989e9f7c41d362559a17ed75932d4,1,success,2026-09-16T13:23:06Z,2026-09-16T13:23:46Z,40,success,2026-09-16T13:23:07Z,2026-09-16T13:28:22Z,315,2026-09-16T13:23:23Z,2026-09-16T13:23:46Z,23,miss,2026-09-16T13:23:23.7704676Z Cache not found for input keys: playwright-Linux-1.61.1,,https://github.com/jaekwanAHN/chuksung/actions/runs/35101559748
35138518758,2026-09-16T19:06:18Z,push,18162dbdee7663f432eee52ef92ffb3fc68991a2,1,success,2026-09-16T19:06:21Z,2026-09-16T19:06:59Z,38,skipped,,,,,,,not-run,,,https://github.com/jaekwanAHN/chuksung/actions/runs/35138518758
35139150650,2026-09-16T19:12:30Z,pull_request,62fd521fd46c87873ffdada44fdbbb46c8da43d4,1,success,2026-09-16T19:12:33Z,2026-09-16T19:13:16Z,43,success,2026-09-16T19:12:33Z,2026-09-16T19:17:24Z,291,2026-09-16T19:12:53Z,2026-09-16T19:13:23Z,30,miss,2026-09-16T19:12:53.2703134Z Cache not found for input keys: playwright-Linux-1.61.1,,https://github.com/jaekwanAHN/chuksung/actions/runs/35139150650
35139771100,2026-09-16T19:18:31Z,push,717338440d22d84a6d8b56ad740c69e08ad23899,1,success,2026-09-16T19:18:34Z,2026-09-16T19:19:14Z,40,skipped,,,,,,,not-run,,,https://github.com/jaekwanAHN/chuksung/actions/runs/35139771100
35140625251,2026-09-16T19:27:02Z,pull_request,083b27d7bf3744cc4d0632a0618a65040b51267d,1,success,2026-09-16T19:27:05Z,2026-09-16T19:27:52Z,47,success,2026-09-16T19:27:05Z,2026-09-16T19:31:14Z,249,2026-09-16T19:27:25Z,2026-09-16T19:27:45Z,20,miss,2026-09-16T19:27:25.2128455Z Cache not found for input keys: playwright-Linux-1.61.1,,https://github.com/jaekwanAHN/chuksung/actions/runs/35140625251
35185021159,2026-09-17T05:15:22Z,push,d69b19118a6d9be03fc9eb6326919c793338effc,1,success,2026-09-17T05:15:24Z,2026-09-17T05:16:08Z,44,skipped,,,,,,,not-run,,,https://github.com/jaekwanAHN/chuksung/actions/runs/35185021159
35686599603,2026-09-22T04:21:55Z,pull_request,6f503429ed06e8f9d6ce9bb91ec3a460f1ed1acd,1,success,2026-09-22T04:21:57Z,2026-09-22T04:22:40Z,43,success,2026-09-22T04:21:57Z,2026-09-22T04:26:58Z,301,2026-09-22T04:22:13Z,2026-09-22T04:22:43Z,30,miss,2026-09-22T04:22:13.4090539Z Cache not found for input keys: playwright-Linux-1.61.1,,https://github.com/jaekwanAHN/chuksung/actions/runs/35686599603
35695049665,2026-09-22T06:29:22Z,push,dc546afe1cc778916232057a76e7521743555d42,1,success,2026-09-22T06:29:24Z,2026-09-22T06:30:04Z,40,skipped,,,,,,,not-run,,,https://github.com/jaekwanAHN/chuksung/actions/runs/35695049665
